"Landscape","Transect","Scientific.Name","Taxon.Rank"
"SimForest","T01","Macaca fascicularis","Species"
"SimForest","T01","Macaca fascicularis","Species"
"SimForest","T01","Presbytis melalophos","Species"
"SimForest","T01","Presbytis melalophos","Species"
"SimForest","T01","Presbytis melalophos","Species"
"SimForest","T01","Presbytis melalophos","Species"
"SimForest","T01","Presbytis melalophos","Species"
"SimForest","T01","Presbytis melalophos","Species"
"SimForest","T01","Hylobates lar","Species"
"SimForest","T01","Hylobates lar","Species"
"SimForest","T01","Hylobates lar","Species"
"SimForest","T01","Hylobates lar","Species"
"SimForest","T01","Hylobates lar","Species"
"SimForest","T01","Hylobates lar","Species"
"SimForest","T01","Hylobates lar","Species"
"SimForest","T01","Sus scrofa","Species"
"SimForest","T01","Sus scrofa","Species"
"SimForest","T01","Muntiacus muntjak","Species"
"SimForest","T01","Muntiacus muntjak","Species"
"SimForest","T01","Muntiacus muntjak","Species"
"SimForest","T01","Muntiacus muntjak","Species"
"SimForest","T01","Muntiacus muntjak","Species"
"SimForest","T01","Muntiacus muntjak","Species"
"SimForest","T01","Tragulus javanicus","Species"
"SimForest","T01","Tragulus javanicus","Species"
"SimForest","T01","Tragulus javanicus","Species"
"SimForest","T01","Tragulus javanicus","Species"
"SimForest","T01","Tragulus javanicus","Species"
"SimForest","T01","Tragulus javanicus","Species"
"SimForest","T01","Tragulus javanicus","Species"
"SimForest","T01","Tragulus javanicus","Species"
"SimForest","T01","Tragulus javanicus","Species"
"SimForest","T01","Tragulus javanicus","Species"
"SimForest","T01","Tragulus javanicus","Species"
"SimForest","T01","Tragulus javanicus","Species"
"SimForest","T01","Paradoxurus hermaphroditus","Species"
"SimForest","T01","Paradoxurus hermaphroditus","Species"
"SimForest","T01","Paradoxurus hermaphroditus","Species"
"SimForest","T01","Paradoxurus hermaphroditus","Species"
"SimForest","T01","Paradoxurus hermaphroditus","Species"
"SimForest","T01","Viverra tangalunga","Species"
"SimForest","T01","Ratufa bicolor","Species"
"SimForest","T01","Ratufa bicolor","Species"
"SimForest","T01","Ratufa bicolor","Species"
"SimForest","T01","Ratufa bicolor","Species"
"SimForest","T01","Ratufa bicolor","Species"
"SimForest","T01","Callosciurus notatus","Species"
"SimForest","T01","Manis javanica","Species"
"SimForest","T01","Manis javanica","Species"
"SimForest","T01","Hystrix brachyura","Species"
"SimForest","T01","Hystrix brachyura","Species"
"SimForest","T01","Hystrix brachyura","Species"
"SimForest","T01","Hystrix brachyura","Species"
"SimForest","T01","Hystrix brachyura","Species"
"SimForest","T01","Hystrix brachyura","Species"
"SimForest","T01","Hystrix brachyura","Species"
"SimForest","T01","Hystrix brachyura","Species"
"SimForest","T01","Hystrix brachyura","Species"
"SimForest","T01","Hystrix brachyura","Species"
"SimForest","T01","Hystrix brachyura","Species"
"SimForest","T01","Hystrix brachyura","Species"
"SimForest","T01","Hystrix brachyura","Species"
"SimForest","T01","Tupaia glis","Species"
"SimForest","T01","Nycticebus coucang","Species"
"SimForest","T01","Nycticebus coucang","Species"
"SimForest","T01","Nycticebus coucang","Species"
"SimForest","T01","Nycticebus coucang","Species"
"SimForest","T01","Nycticebus coucang","Species"
"SimForest","T01","Nycticebus coucang","Species"
"SimForest","T01","Nycticebus coucang","Species"
"SimForest","T01","Nycticebus coucang","Species"
"SimForest","T01","Nycticebus coucang","Species"
"SimForest","T01","Nycticebus coucang","Species"
"SimForest","T01","Nycticebus coucang","Species"
"SimForest","T01","Nycticebus coucang","Species"
"SimForest","T01","Nycticebus coucang","Species"
"SimForest","T02","Macaca fascicularis","Species"
"SimForest","T02","Presbytis melalophos","Species"
"SimForest","T02","Presbytis melalophos","Species"
"SimForest","T02","Presbytis melalophos","Species"
"SimForest","T02","Presbytis melalophos","Species"
"SimForest","T02","Presbytis melalophos","Species"
"SimForest","T02","Hylobates lar","Species"
"SimForest","T02","Hylobates lar","Species"
"SimForest","T02","Hylobates lar","Species"
"SimForest","T02","Hylobates lar","Species"
"SimForest","T02","Hylobates lar","Species"
"SimForest","T02","Hylobates lar","Species"
"SimForest","T02","Hylobates lar","Species"
"SimForest","T02","Hylobates lar","Species"
"SimForest","T02","Sus scrofa","Species"
"SimForest","T02","Sus scrofa","Species"
"SimForest","T02","Muntiacus muntjak","Species"
"SimForest","T02","Tragulus javanicus","Species"
"SimForest","T02","Tragulus javanicus","Species"
"SimForest","T02","Tragulus javanicus","Species"
"SimForest","T02","Tragulus javanicus","Species"
"SimForest","T02","Tragulus javanicus","Species"
"SimForest","T02","Tragulus javanicus","Species"
"SimForest","T02","Tragulus javanicus","Species"
"SimForest","T02","Tragulus javanicus","Species"
"SimForest","T02","Paradoxurus hermaphroditus","Species"
"SimForest","T02","Paradoxurus hermaphroditus","Species"
"SimForest","T02","Paradoxurus hermaphroditus","Species"
"SimForest","T02","Paradoxurus hermaphroditus","Species"
"SimForest","T02","Paradoxurus hermaphroditus","Species"
"SimForest","T02","Ratufa bicolor","Species"
"SimForest","T02","Ratufa bicolor","Species"
"SimForest","T02","Ratufa bicolor","Species"
"SimForest","T02","Ratufa bicolor","Species"
"SimForest","T02","Hystrix brachyura","Species"
"SimForest","T02","Hystrix brachyura","Species"
"SimForest","T02","Hystrix brachyura","Species"
"SimForest","T02","Hystrix brachyura","Species"
"SimForest","T02","Hystrix brachyura","Species"
"SimForest","T02","Hystrix brachyura","Species"
"SimForest","T02","Hystrix brachyura","Species"
"SimForest","T02","Hystrix brachyura","Species"
"SimForest","T02","Hystrix brachyura","Species"
"SimForest","T02","Hystrix brachyura","Species"
"SimForest","T02","Hystrix brachyura","Species"
"SimForest","T02","Hystrix brachyura","Species"
"SimForest","T02","Hystrix brachyura","Species"
"SimForest","T02","Hystrix brachyura","Species"
"SimForest","T02","Tupaia glis","Species"
"SimForest","T02","Tupaia glis","Species"
"SimForest","T02","Nycticebus coucang","Species"
"SimForest","T02","Nycticebus coucang","Species"
"SimForest","T02","Nycticebus coucang","Species"
"SimForest","T02","Nycticebus coucang","Species"
"SimForest","T02","Nycticebus coucang","Species"
"SimForest","T02","Nycticebus coucang","Species"
"SimForest","T02","Arctictis binturong","Species"
"SimForest","T03","Macaca fascicularis","Species"
"SimForest","T03","Macaca fascicularis","Species"
"SimForest","T03","Presbytis melalophos","Species"
"SimForest","T03","Presbytis melalophos","Species"
"SimForest","T03","Presbytis melalophos","Species"
"SimForest","T03","Presbytis melalophos","Species"
"SimForest","T03","Hylobates lar","Species"
"SimForest","T03","Sus scrofa","Species"
"SimForest","T03","Tragulus javanicus","Species"
"SimForest","T03","Tragulus javanicus","Species"
"SimForest","T03","Tragulus javanicus","Species"
"SimForest","T03","Tragulus javanicus","Species"
"SimForest","T03","Tragulus javanicus","Species"
"SimForest","T03","Tragulus javanicus","Species"
"SimForest","T03","Tragulus javanicus","Species"
"SimForest","T03","Tragulus javanicus","Species"
"SimForest","T03","Tragulus javanicus","Species"
"SimForest","T03","Tragulus javanicus","Species"
"SimForest","T03","Tragulus javanicus","Species"
"SimForest","T03","Tragulus javanicus","Species"
"SimForest","T03","Paradoxurus hermaphroditus","Species"
"SimForest","T03","Ratufa bicolor","Species"
"SimForest","T03","Ratufa bicolor","Species"
"SimForest","T03","Ratufa bicolor","Species"
"SimForest","T03","Ratufa bicolor","Species"
"SimForest","T03","Ratufa bicolor","Species"
"SimForest","T03","Manis javanica","Species"
"SimForest","T03","Manis javanica","Species"
"SimForest","T03","Hystrix brachyura","Species"
"SimForest","T03","Hystrix brachyura","Species"
"SimForest","T03","Hystrix brachyura","Species"
"SimForest","T03","Hystrix brachyura","Species"
"SimForest","T03","Hystrix brachyura","Species"
"SimForest","T03","Hystrix brachyura","Species"
"SimForest","T03","Hystrix brachyura","Species"
"SimForest","T03","Hystrix brachyura","Species"
"SimForest","T03","Hystrix brachyura","Species"
"SimForest","T03","Hystrix brachyura","Species"
"SimForest","T03","Hystrix brachyura","Species"
"SimForest","T03","Hystrix brachyura","Species"
"SimForest","T03","Hystrix brachyura","Species"
"SimForest","T03","Tupaia glis","Species"
"SimForest","T03","Nycticebus coucang","Species"
"SimForest","T03","Nycticebus coucang","Species"
"SimForest","T03","Nycticebus coucang","Species"
"SimForest","T03","Arctictis binturong","Species"
"SimForest","T04","Macaca fascicularis","Species"
"SimForest","T04","Macaca fascicularis","Species"
"SimForest","T04","Macaca fascicularis","Species"
"SimForest","T04","Macaca fascicularis","Species"
"SimForest","T04","Macaca fascicularis","Species"
"SimForest","T04","Presbytis melalophos","Species"
"SimForest","T04","Presbytis melalophos","Species"
"SimForest","T04","Presbytis melalophos","Species"
"SimForest","T04","Presbytis melalophos","Species"
"SimForest","T04","Presbytis melalophos","Species"
"SimForest","T04","Presbytis melalophos","Species"
"SimForest","T04","Hylobates lar","Species"
"SimForest","T04","Hylobates lar","Species"
"SimForest","T04","Hylobates lar","Species"
"SimForest","T04","Hylobates lar","Species"
"SimForest","T04","Hylobates lar","Species"
"SimForest","T04","Hylobates lar","Species"
"SimForest","T04","Sus scrofa","Species"
"SimForest","T04","Sus scrofa","Species"
"SimForest","T04","Muntiacus muntjak","Species"
"SimForest","T04","Muntiacus muntjak","Species"
"SimForest","T04","Muntiacus muntjak","Species"
"SimForest","T04","Muntiacus muntjak","Species"
"SimForest","T04","Tragulus javanicus","Species"
"SimForest","T04","Tragulus javanicus","Species"
"SimForest","T04","Tragulus javanicus","Species"
"SimForest","T04","Tragulus javanicus","Species"
"SimForest","T04","Tragulus javanicus","Species"
"SimForest","T04","Tragulus javanicus","Species"
"SimForest","T04","Tragulus javanicus","Species"
"SimForest","T04","Tragulus javanicus","Species"
"SimForest","T04","Tragulus javanicus","Species"
"SimForest","T04","Tragulus javanicus","Species"
"SimForest","T04","Tragulus javanicus","Species"
"SimForest","T04","Tragulus javanicus","Species"
"SimForest","T04","Tragulus javanicus","Species"
"SimForest","T04","Tragulus javanicus","Species"
"SimForest","T04","Paradoxurus hermaphroditus","Species"
"SimForest","T04","Paradoxurus hermaphroditus","Species"
"SimForest","T04","Paradoxurus hermaphroditus","Species"
"SimForest","T04","Paradoxurus hermaphroditus","Species"
"SimForest","T04","Paradoxurus hermaphroditus","Species"
"SimForest","T04","Viverra tangalunga","Species"
"SimForest","T04","Viverra tangalunga","Species"
"SimForest","T04","Ratufa bicolor","Species"
"SimForest","T04","Ratufa bicolor","Species"
"SimForest","T04","Ratufa bicolor","Species"
"SimForest","T04","Ratufa bicolor","Species"
"SimForest","T04","Ratufa bicolor","Species"
"SimForest","T04","Callosciurus notatus","Species"
"SimForest","T04","Callosciurus notatus","Species"
"SimForest","T04","Manis javanica","Species"
"SimForest","T04","Hystrix brachyura","Species"
"SimForest","T04","Hystrix brachyura","Species"
"SimForest","T04","Hystrix brachyura","Species"
"SimForest","T04","Hystrix brachyura","Species"
"SimForest","T04","Hystrix brachyura","Species"
"SimForest","T04","Hystrix brachyura","Species"
"SimForest","T04","Hystrix brachyura","Species"
"SimForest","T04","Hystrix brachyura","Species"
"SimForest","T04","Hystrix brachyura","Species"
"SimForest","T04","Hystrix brachyura","Species"
"SimForest","T04","Hystrix brachyura","Species"
"SimForest","T04","Hystrix brachyura","Species"
"SimForest","T04","Hystrix brachyura","Species"
"SimForest","T04","Hystrix brachyura","Species"
"SimForest","T04","Hystrix brachyura","Species"
"SimForest","T04","Tupaia glis","Species"
"SimForest","T04","Tupaia glis","Species"
"SimForest","T04","Tupaia glis","Species"
"SimForest","T04","Tupaia glis","Species"
"SimForest","T04","Nycticebus coucang","Species"
"SimForest","T04","Nycticebus coucang","Species"
"SimForest","T04","Nycticebus coucang","Species"
"SimForest","T04","Nycticebus coucang","Species"
"SimForest","T04","Nycticebus coucang","Species"
"SimForest","T04","Nycticebus coucang","Species"
"SimForest","T04","Nycticebus coucang","Species"
"SimForest","T04","Nycticebus coucang","Species"
"SimForest","T04","Nycticebus coucang","Species"
"SimForest","T04","Arctictis binturong","Species"
"SimForest","T04","Arctictis binturong","Species"
"SimForest","T05","Macaca fascicularis","Species"
"SimForest","T05","Macaca fascicularis","Species"
"SimForest","T05","Macaca fascicularis","Species"
"SimForest","T05","Macaca fascicularis","Species"
"SimForest","T05","Presbytis melalophos","Species"
"SimForest","T05","Presbytis melalophos","Species"
"SimForest","T05","Presbytis melalophos","Species"
"SimForest","T05","Presbytis melalophos","Species"
"SimForest","T05","Presbytis melalophos","Species"
"SimForest","T05","Presbytis melalophos","Species"
"SimForest","T05","Presbytis melalophos","Species"
"SimForest","T05","Presbytis melalophos","Species"
"SimForest","T05","Presbytis melalophos","Species"
"SimForest","T05","Hylobates lar","Species"
"SimForest","T05","Hylobates lar","Species"
"SimForest","T05","Hylobates lar","Species"
"SimForest","T05","Hylobates lar","Species"
"SimForest","T05","Muntiacus muntjak","Species"
"SimForest","T05","Tragulus javanicus","Species"
"SimForest","T05","Tragulus javanicus","Species"
"SimForest","T05","Tragulus javanicus","Species"
"SimForest","T05","Tragulus javanicus","Species"
"SimForest","T05","Tragulus javanicus","Species"
"SimForest","T05","Tragulus javanicus","Species"
"SimForest","T05","Tragulus javanicus","Species"
"SimForest","T05","Tragulus javanicus","Species"
"SimForest","T05","Tragulus javanicus","Species"
"SimForest","T05","Tragulus javanicus","Species"
"SimForest","T05","Tragulus javanicus","Species"
"SimForest","T05","Paradoxurus hermaphroditus","Species"
"SimForest","T05","Paradoxurus hermaphroditus","Species"
"SimForest","T05","Paradoxurus hermaphroditus","Species"
"SimForest","T05","Viverra tangalunga","Species"
"SimForest","T05","Ratufa bicolor","Species"
"SimForest","T05","Ratufa bicolor","Species"
"SimForest","T05","Ratufa bicolor","Species"
"SimForest","T05","Ratufa bicolor","Species"
"SimForest","T05","Ratufa bicolor","Species"
"SimForest","T05","Callosciurus notatus","Species"
"SimForest","T05","Manis javanica","Species"
"SimForest","T05","Manis javanica","Species"
"SimForest","T05","Manis javanica","Species"
"SimForest","T05","Hystrix brachyura","Species"
"SimForest","T05","Hystrix brachyura","Species"
"SimForest","T05","Hystrix brachyura","Species"
"SimForest","T05","Hystrix brachyura","Species"
"SimForest","T05","Hystrix brachyura","Species"
"SimForest","T05","Hystrix brachyura","Species"
"SimForest","T05","Hystrix brachyura","Species"
"SimForest","T05","Hystrix brachyura","Species"
"SimForest","T05","Hystrix brachyura","Species"
"SimForest","T05","Hystrix brachyura","Species"
"SimForest","T05","Hystrix brachyura","Species"
"SimForest","T05","Hystrix brachyura","Species"
"SimForest","T05","Hystrix brachyura","Species"
"SimForest","T05","Tupaia glis","Species"
"SimForest","T05","Tupaia glis","Species"
"SimForest","T05","Nycticebus coucang","Species"
"SimForest","T05","Nycticebus coucang","Species"
"SimForest","T05","Nycticebus coucang","Species"
"SimForest","T05","Nycticebus coucang","Species"
"SimForest","T05","Arctictis binturong","Species"
"SimForest","T06","Presbytis melalophos","Species"
"SimForest","T06","Presbytis melalophos","Species"
"SimForest","T06","Presbytis melalophos","Species"
"SimForest","T06","Presbytis melalophos","Species"
"SimForest","T06","Hylobates lar","Species"
"SimForest","T06","Hylobates lar","Species"
"SimForest","T06","Hylobates lar","Species"
"SimForest","T06","Hylobates lar","Species"
"SimForest","T06","Hylobates lar","Species"
"SimForest","T06","Sus scrofa","Species"
"SimForest","T06","Sus scrofa","Species"
"SimForest","T06","Tragulus javanicus","Species"
"SimForest","T06","Tragulus javanicus","Species"
"SimForest","T06","Tragulus javanicus","Species"
"SimForest","T06","Tragulus javanicus","Species"
"SimForest","T06","Tragulus javanicus","Species"
"SimForest","T06","Ratufa bicolor","Species"
"SimForest","T06","Manis javanica","Species"
"SimForest","T06","Manis javanica","Species"
"SimForest","T06","Manis javanica","Species"
"SimForest","T06","Hystrix brachyura","Species"
"SimForest","T06","Tupaia glis","Species"
"SimForest","T06","Nycticebus coucang","Species"
"SimForest","T06","Nycticebus coucang","Species"
"SimForest","T06","Nycticebus coucang","Species"
"SimForest","T07","Macaca fascicularis","Species"
"SimForest","T07","Presbytis melalophos","Species"
"SimForest","T07","Presbytis melalophos","Species"
"SimForest","T07","Presbytis melalophos","Species"
"SimForest","T07","Presbytis melalophos","Species"
"SimForest","T07","Presbytis melalophos","Species"
"SimForest","T07","Hylobates lar","Species"
"SimForest","T07","Hylobates lar","Species"
"SimForest","T07","Sus scrofa","Species"
"SimForest","T07","Sus scrofa","Species"
"SimForest","T07","Sus scrofa","Species"
"SimForest","T07","Muntiacus muntjak","Species"
"SimForest","T07","Muntiacus muntjak","Species"
"SimForest","T07","Muntiacus muntjak","Species"
"SimForest","T07","Tragulus javanicus","Species"
"SimForest","T07","Tragulus javanicus","Species"
"SimForest","T07","Tragulus javanicus","Species"
"SimForest","T07","Tragulus javanicus","Species"
"SimForest","T07","Tragulus javanicus","Species"
"SimForest","T07","Tragulus javanicus","Species"
"SimForest","T07","Tragulus javanicus","Species"
"SimForest","T07","Tragulus javanicus","Species"
"SimForest","T07","Paradoxurus hermaphroditus","Species"
"SimForest","T07","Paradoxurus hermaphroditus","Species"
"SimForest","T07","Paradoxurus hermaphroditus","Species"
"SimForest","T07","Ratufa bicolor","Species"
"SimForest","T07","Ratufa bicolor","Species"
"SimForest","T07","Ratufa bicolor","Species"
"SimForest","T07","Ratufa bicolor","Species"
"SimForest","T07","Manis javanica","Species"
"SimForest","T07","Manis javanica","Species"
"SimForest","T07","Manis javanica","Species"
"SimForest","T07","Manis javanica","Species"
"SimForest","T07","Hystrix brachyura","Species"
"SimForest","T07","Hystrix brachyura","Species"
"SimForest","T07","Hystrix brachyura","Species"
"SimForest","T07","Hystrix brachyura","Species"
"SimForest","T07","Hystrix brachyura","Species"
"SimForest","T07","Hystrix brachyura","Species"
"SimForest","T07","Hystrix brachyura","Species"
"SimForest","T07","Hystrix brachyura","Species"
"SimForest","T07","Tupaia glis","Species"
"SimForest","T07","Tupaia glis","Species"
"SimForest","T07","Nycticebus coucang","Species"
"SimForest","T07","Nycticebus coucang","Species"
"SimForest","T08","Macaca fascicularis","Species"
"SimForest","T08","Macaca fascicularis","Species"
"SimForest","T08","Presbytis melalophos","Species"
"SimForest","T08","Presbytis melalophos","Species"
"SimForest","T08","Presbytis melalophos","Species"
"SimForest","T08","Hylobates lar","Species"
"SimForest","T08","Hylobates lar","Species"
"SimForest","T08","Sus scrofa","Species"
"SimForest","T08","Sus scrofa","Species"
"SimForest","T08","Tragulus javanicus","Species"
"SimForest","T08","Tragulus javanicus","Species"
"SimForest","T08","Ratufa bicolor","Species"
"SimForest","T08","Ratufa bicolor","Species"
"SimForest","T08","Callosciurus notatus","Species"
"SimForest","T08","Manis javanica","Species"
"SimForest","T08","Hystrix brachyura","Species"
"SimForest","T08","Hystrix brachyura","Species"
"SimForest","T08","Hystrix brachyura","Species"
"SimForest","T08","Hystrix brachyura","Species"
"SimForest","T08","Tupaia glis","Species"
"SimForest","T08","Nycticebus coucang","Species"
"SimForest","T08","Nycticebus coucang","Species"
"SimForest","T08","Arctictis binturong","Species"
"SimForest","T09","Macaca fascicularis","Species"
"SimForest","T09","Macaca fascicularis","Species"
"SimForest","T09","Macaca fascicularis","Species"
"SimForest","T09","Presbytis melalophos","Species"
"SimForest","T09","Presbytis melalophos","Species"
"SimForest","T09","Presbytis melalophos","Species"
"SimForest","T09","Presbytis melalophos","Species"
"SimForest","T09","Presbytis melalophos","Species"
"SimForest","T09","Presbytis melalophos","Species"
"SimForest","T09","Presbytis melalophos","Species"
"SimForest","T09","Presbytis melalophos","Species"
"SimForest","T09","Presbytis melalophos","Species"
"SimForest","T09","Presbytis melalophos","Species"
"SimForest","T09","Presbytis melalophos","Species"
"SimForest","T09","Presbytis melalophos","Species"
"SimForest","T09","Presbytis melalophos","Species"
"SimForest","T09","Presbytis melalophos","Species"
"SimForest","T09","Hylobates lar","Species"
"SimForest","T09","Hylobates lar","Species"
"SimForest","T09","Hylobates lar","Species"
"SimForest","T09","Hylobates lar","Species"
"SimForest","T09","Hylobates lar","Species"
"SimForest","T09","Sus scrofa","Species"
"SimForest","T09","Sus scrofa","Species"
"SimForest","T09","Sus scrofa","Species"
"SimForest","T09","Sus scrofa","Species"
"SimForest","T09","Muntiacus muntjak","Species"
"SimForest","T09","Muntiacus muntjak","Species"
"SimForest","T09","Muntiacus muntjak","Species"
"SimForest","T09","Muntiacus muntjak","Species"
"SimForest","T09","Muntiacus muntjak","Species"
"SimForest","T09","Tragulus javanicus","Species"
"SimForest","T09","Tragulus javanicus","Species"
"SimForest","T09","Tragulus javanicus","Species"
"SimForest","T09","Tragulus javanicus","Species"
"SimForest","T09","Tragulus javanicus","Species"
"SimForest","T09","Tragulus javanicus","Species"
"SimForest","T09","Tragulus javanicus","Species"
"SimForest","T09","Tragulus javanicus","Species"
"SimForest","T09","Tragulus javanicus","Species"
"SimForest","T09","Tragulus javanicus","Species"
"SimForest","T09","Tragulus javanicus","Species"
"SimForest","T09","Tragulus javanicus","Species"
"SimForest","T09","Tragulus javanicus","Species"
"SimForest","T09","Paradoxurus hermaphroditus","Species"
"SimForest","T09","Paradoxurus hermaphroditus","Species"
"SimForest","T09","Paradoxurus hermaphroditus","Species"
"SimForest","T09","Paradoxurus hermaphroditus","Species"
"SimForest","T09","Paradoxurus hermaphroditus","Species"
"SimForest","T09","Viverra tangalunga","Species"
"SimForest","T09","Viverra tangalunga","Species"
"SimForest","T09","Ratufa bicolor","Species"
"SimForest","T09","Callosciurus notatus","Species"
"SimForest","T09","Callosciurus notatus","Species"
"SimForest","T09","Callosciurus notatus","Species"
"SimForest","T09","Callosciurus notatus","Species"
"SimForest","T09","Manis javanica","Species"
"SimForest","T09","Manis javanica","Species"
"SimForest","T09","Manis javanica","Species"
"SimForest","T09","Manis javanica","Species"
"SimForest","T09","Hystrix brachyura","Species"
"SimForest","T09","Hystrix brachyura","Species"
"SimForest","T09","Hystrix brachyura","Species"
"SimForest","T09","Hystrix brachyura","Species"
"SimForest","T09","Hystrix brachyura","Species"
"SimForest","T09","Hystrix brachyura","Species"
"SimForest","T09","Hystrix brachyura","Species"
"SimForest","T09","Hystrix brachyura","Species"
"SimForest","T09","Hystrix brachyura","Species"
"SimForest","T09","Hystrix brachyura","Species"
"SimForest","T09","Tupaia glis","Species"
"SimForest","T09","Tupaia glis","Species"
"SimForest","T09","Tupaia glis","Species"
"SimForest","T09","Tupaia glis","Species"
"SimForest","T09","Tupaia glis","Species"
"SimForest","T09","Tupaia glis","Species"
"SimForest","T09","Tupaia glis","Species"
"SimForest","T09","Tupaia glis","Species"
"SimForest","T09","Tupaia glis","Species"
"SimForest","T09","Nycticebus coucang","Species"
"SimForest","T09","Nycticebus coucang","Species"
"SimForest","T09","Nycticebus coucang","Species"
"SimForest","T09","Nycticebus coucang","Species"
"SimForest","T09","Nycticebus coucang","Species"
"SimForest","T09","Nycticebus coucang","Species"
"SimForest","T09","Nycticebus coucang","Species"
"SimForest","T09","Nycticebus coucang","Species"
"SimForest","T09","Nycticebus coucang","Species"
"SimForest","T09","Nycticebus coucang","Species"
"SimForest","T09","Arctictis binturong","Species"
"SimForest","T10","Macaca fascicularis","Species"
"SimForest","T10","Presbytis melalophos","Species"
"SimForest","T10","Hylobates lar","Species"
"SimForest","T10","Sus scrofa","Species"
"SimForest","T10","Tragulus javanicus","Species"
"SimForest","T10","Tragulus javanicus","Species"
"SimForest","T10","Tragulus javanicus","Species"
"SimForest","T10","Paradoxurus hermaphroditus","Species"
"SimForest","T10","Viverra tangalunga","Species"
"SimForest","T10","Viverra tangalunga","Species"
"SimForest","T10","Viverra tangalunga","Species"
"SimForest","T10","Ratufa bicolor","Species"
"SimForest","T10","Ratufa bicolor","Species"
"SimForest","T10","Ratufa bicolor","Species"
"SimForest","T10","Callosciurus notatus","Species"
"SimForest","T10","Manis javanica","Species"
"SimForest","T10","Manis javanica","Species"
"SimForest","T10","Manis javanica","Species"
"SimForest","T10","Hystrix brachyura","Species"
"SimForest","T10","Hystrix brachyura","Species"
"SimForest","T10","Hystrix brachyura","Species"
"SimForest","T10","Hystrix brachyura","Species"
"SimForest","T10","Hystrix brachyura","Species"
"SimForest","T10","Hystrix brachyura","Species"
"SimForest","T10","Hystrix brachyura","Species"
"SimForest","T10","Hystrix brachyura","Species"
"SimForest","T10","Hystrix brachyura","Species"
"SimForest","T10","Hystrix brachyura","Species"
"SimForest","T10","Tupaia glis","Species"
"SimForest","T10","Nycticebus coucang","Species"
"SimForest","T10","Nycticebus coucang","Species"
"SimForest","T10","Nycticebus coucang","Species"
"SimForest","T10","Nycticebus coucang","Species"
"SimForest","T10","Nycticebus coucang","Species"
"SimForest","T10","Arctictis binturong","Species"
"SimForest","T10","Arctictis binturong","Species"
"SimForest","T11","Macaca fascicularis","Species"
"SimForest","T11","Macaca fascicularis","Species"
"SimForest","T11","Presbytis melalophos","Species"
"SimForest","T11","Presbytis melalophos","Species"
"SimForest","T11","Presbytis melalophos","Species"
"SimForest","T11","Presbytis melalophos","Species"
"SimForest","T11","Presbytis melalophos","Species"
"SimForest","T11","Presbytis melalophos","Species"
"SimForest","T11","Presbytis melalophos","Species"
"SimForest","T11","Presbytis melalophos","Species"
"SimForest","T11","Hylobates lar","Species"
"SimForest","T11","Hylobates lar","Species"
"SimForest","T11","Hylobates lar","Species"
"SimForest","T11","Hylobates lar","Species"
"SimForest","T11","Hylobates lar","Species"
"SimForest","T11","Hylobates lar","Species"
"SimForest","T11","Sus scrofa","Species"
"SimForest","T11","Sus scrofa","Species"
"SimForest","T11","Muntiacus muntjak","Species"
"SimForest","T11","Muntiacus muntjak","Species"
"SimForest","T11","Muntiacus muntjak","Species"
"SimForest","T11","Tragulus javanicus","Species"
"SimForest","T11","Tragulus javanicus","Species"
"SimForest","T11","Tragulus javanicus","Species"
"SimForest","T11","Tragulus javanicus","Species"
"SimForest","T11","Tragulus javanicus","Species"
"SimForest","T11","Tragulus javanicus","Species"
"SimForest","T11","Tragulus javanicus","Species"
"SimForest","T11","Tragulus javanicus","Species"
"SimForest","T11","Tragulus javanicus","Species"
"SimForest","T11","Paradoxurus hermaphroditus","Species"
"SimForest","T11","Paradoxurus hermaphroditus","Species"
"SimForest","T11","Paradoxurus hermaphroditus","Species"
"SimForest","T11","Paradoxurus hermaphroditus","Species"
"SimForest","T11","Ratufa bicolor","Species"
"SimForest","T11","Ratufa bicolor","Species"
"SimForest","T11","Ratufa bicolor","Species"
"SimForest","T11","Ratufa bicolor","Species"
"SimForest","T11","Callosciurus notatus","Species"
"SimForest","T11","Callosciurus notatus","Species"
"SimForest","T11","Callosciurus notatus","Species"
"SimForest","T11","Callosciurus notatus","Species"
"SimForest","T11","Manis javanica","Species"
"SimForest","T11","Manis javanica","Species"
"SimForest","T11","Manis javanica","Species"
"SimForest","T11","Manis javanica","Species"
"SimForest","T11","Hystrix brachyura","Species"
"SimForest","T11","Hystrix brachyura","Species"
"SimForest","T11","Hystrix brachyura","Species"
"SimForest","T11","Hystrix brachyura","Species"
"SimForest","T11","Hystrix brachyura","Species"
"SimForest","T11","Hystrix brachyura","Species"
"SimForest","T11","Hystrix brachyura","Species"
"SimForest","T11","Hystrix brachyura","Species"
"SimForest","T11","Hystrix brachyura","Species"
"SimForest","T11","Hystrix brachyura","Species"
"SimForest","T11","Tupaia glis","Species"
"SimForest","T11","Tupaia glis","Species"
"SimForest","T11","Tupaia glis","Species"
"SimForest","T11","Tupaia glis","Species"
"SimForest","T11","Tupaia glis","Species"
"SimForest","T11","Tupaia glis","Species"
"SimForest","T11","Tupaia glis","Species"
"SimForest","T11","Tupaia glis","Species"
"SimForest","T11","Nycticebus coucang","Species"
"SimForest","T11","Nycticebus coucang","Species"
"SimForest","T11","Nycticebus coucang","Species"
"SimForest","T11","Nycticebus coucang","Species"
"SimForest","T11","Nycticebus coucang","Species"
"SimForest","T11","Nycticebus coucang","Species"
"SimForest","T11","Nycticebus coucang","Species"
"SimForest","T11","Arctictis binturong","Species"
"SimForest","T11","Arctictis binturong","Species"
"SimForest","T11","Arctictis binturong","Species"
"SimForest","T12","Macaca fascicularis","Species"
"SimForest","T12","Macaca fascicularis","Species"
"SimForest","T12","Macaca fascicularis","Species"
"SimForest","T12","Presbytis melalophos","Species"
"SimForest","T12","Presbytis melalophos","Species"
"SimForest","T12","Presbytis melalophos","Species"
"SimForest","T12","Presbytis melalophos","Species"
"SimForest","T12","Presbytis melalophos","Species"
"SimForest","T12","Presbytis melalophos","Species"
"SimForest","T12","Presbytis melalophos","Species"
"SimForest","T12","Hylobates lar","Species"
"SimForest","T12","Hylobates lar","Species"
"SimForest","T12","Hylobates lar","Species"
"SimForest","T12","Hylobates lar","Species"
"SimForest","T12","Hylobates lar","Species"
"SimForest","T12","Hylobates lar","Species"
"SimForest","T12","Hylobates lar","Species"
"SimForest","T12","Hylobates lar","Species"
"SimForest","T12","Sus scrofa","Species"
"SimForest","T12","Muntiacus muntjak","Species"
"SimForest","T12","Tragulus javanicus","Species"
"SimForest","T12","Tragulus javanicus","Species"
"SimForest","T12","Tragulus javanicus","Species"
"SimForest","T12","Tragulus javanicus","Species"
"SimForest","T12","Tragulus javanicus","Species"
"SimForest","T12","Tragulus javanicus","Species"
"SimForest","T12","Tragulus javanicus","Species"
"SimForest","T12","Tragulus javanicus","Species"
"SimForest","T12","Tragulus javanicus","Species"
"SimForest","T12","Tragulus javanicus","Species"
"SimForest","T12","Tragulus javanicus","Species"
"SimForest","T12","Tragulus javanicus","Species"
"SimForest","T12","Paradoxurus hermaphroditus","Species"
"SimForest","T12","Paradoxurus hermaphroditus","Species"
"SimForest","T12","Paradoxurus hermaphroditus","Species"
"SimForest","T12","Paradoxurus hermaphroditus","Species"
"SimForest","T12","Paradoxurus hermaphroditus","Species"
"SimForest","T12","Viverra tangalunga","Species"
"SimForest","T12","Viverra tangalunga","Species"
"SimForest","T12","Ratufa bicolor","Species"
"SimForest","T12","Ratufa bicolor","Species"
"SimForest","T12","Callosciurus notatus","Species"
"SimForest","T12","Manis javanica","Species"
"SimForest","T12","Hystrix brachyura","Species"
"SimForest","T12","Hystrix brachyura","Species"
"SimForest","T12","Hystrix brachyura","Species"
"SimForest","T12","Hystrix brachyura","Species"
"SimForest","T12","Nycticebus coucang","Species"
"SimForest","T12","Nycticebus coucang","Species"
"SimForest","T12","Nycticebus coucang","Species"
"SimForest","T12","Nycticebus coucang","Species"
"SimForest","T12","Nycticebus coucang","Species"
"SimForest","T12","Nycticebus coucang","Species"
"SimForest","T12","Nycticebus coucang","Species"
"SimForest","T12","Nycticebus coucang","Species"
"SimForest","T12","Nycticebus coucang","Species"
"SimForest","T12","Arctictis binturong","Species"
"SimForest","T12","Arctictis binturong","Species"
"SimForest","T12","Arctictis binturong","Species"
"SimForest","T13","Macaca fascicularis","Species"
"SimForest","T13","Macaca fascicularis","Species"
"SimForest","T13","Presbytis melalophos","Species"
"SimForest","T13","Presbytis melalophos","Species"
"SimForest","T13","Presbytis melalophos","Species"
"SimForest","T13","Presbytis melalophos","Species"
"SimForest","T13","Presbytis melalophos","Species"
"SimForest","T13","Presbytis melalophos","Species"
"SimForest","T13","Presbytis melalophos","Species"
"SimForest","T13","Presbytis melalophos","Species"
"SimForest","T13","Presbytis melalophos","Species"
"SimForest","T13","Presbytis melalophos","Species"
"SimForest","T13","Hylobates lar","Species"
"SimForest","T13","Hylobates lar","Species"
"SimForest","T13","Hylobates lar","Species"
"SimForest","T13","Hylobates lar","Species"
"SimForest","T13","Hylobates lar","Species"
"SimForest","T13","Sus scrofa","Species"
"SimForest","T13","Sus scrofa","Species"
"SimForest","T13","Sus scrofa","Species"
"SimForest","T13","Sus scrofa","Species"
"SimForest","T13","Sus scrofa","Species"
"SimForest","T13","Muntiacus muntjak","Species"
"SimForest","T13","Muntiacus muntjak","Species"
"SimForest","T13","Tragulus javanicus","Species"
"SimForest","T13","Tragulus javanicus","Species"
"SimForest","T13","Tragulus javanicus","Species"
"SimForest","T13","Tragulus javanicus","Species"
"SimForest","T13","Tragulus javanicus","Species"
"SimForest","T13","Tragulus javanicus","Species"
"SimForest","T13","Tragulus javanicus","Species"
"SimForest","T13","Tragulus javanicus","Species"
"SimForest","T13","Tragulus javanicus","Species"
"SimForest","T13","Tragulus javanicus","Species"
"SimForest","T13","Tragulus javanicus","Species"
"SimForest","T13","Paradoxurus hermaphroditus","Species"
"SimForest","T13","Paradoxurus hermaphroditus","Species"
"SimForest","T13","Paradoxurus hermaphroditus","Species"
"SimForest","T13","Ratufa bicolor","Species"
"SimForest","T13","Ratufa bicolor","Species"
"SimForest","T13","Ratufa bicolor","Species"
"SimForest","T13","Ratufa bicolor","Species"
"SimForest","T13","Ratufa bicolor","Species"
"SimForest","T13","Manis javanica","Species"
"SimForest","T13","Hystrix brachyura","Species"
"SimForest","T13","Hystrix brachyura","Species"
"SimForest","T13","Hystrix brachyura","Species"
"SimForest","T13","Hystrix brachyura","Species"
"SimForest","T13","Hystrix brachyura","Species"
"SimForest","T13","Hystrix brachyura","Species"
"SimForest","T13","Hystrix brachyura","Species"
"SimForest","T13","Hystrix brachyura","Species"
"SimForest","T13","Hystrix brachyura","Species"
"SimForest","T13","Tupaia glis","Species"
"SimForest","T13","Tupaia glis","Species"
"SimForest","T13","Tupaia glis","Species"
"SimForest","T13","Tupaia glis","Species"
"SimForest","T13","Nycticebus coucang","Species"
"SimForest","T13","Nycticebus coucang","Species"
"SimForest","T13","Nycticebus coucang","Species"
"SimForest","T13","Nycticebus coucang","Species"
"SimForest","T13","Arctictis binturong","Species"
"SimForest","T14","Macaca fascicularis","Species"
"SimForest","T14","Macaca fascicularis","Species"
"SimForest","T14","Presbytis melalophos","Species"
"SimForest","T14","Presbytis melalophos","Species"
"SimForest","T14","Hylobates lar","Species"
"SimForest","T14","Hylobates lar","Species"
"SimForest","T14","Hylobates lar","Species"
"SimForest","T14","Hylobates lar","Species"
"SimForest","T14","Hylobates lar","Species"
"SimForest","T14","Hylobates lar","Species"
"SimForest","T14","Hylobates lar","Species"
"SimForest","T14","Hylobates lar","Species"
"SimForest","T14","Hylobates lar","Species"
"SimForest","T14","Sus scrofa","Species"
"SimForest","T14","Sus scrofa","Species"
"SimForest","T14","Sus scrofa","Species"
"SimForest","T14","Sus scrofa","Species"
"SimForest","T14","Sus scrofa","Species"
"SimForest","T14","Sus scrofa","Species"
"SimForest","T14","Muntiacus muntjak","Species"
"SimForest","T14","Muntiacus muntjak","Species"
"SimForest","T14","Tragulus javanicus","Species"
"SimForest","T14","Tragulus javanicus","Species"
"SimForest","T14","Tragulus javanicus","Species"
"SimForest","T14","Tragulus javanicus","Species"
"SimForest","T14","Tragulus javanicus","Species"
"SimForest","T14","Tragulus javanicus","Species"
"SimForest","T14","Tragulus javanicus","Species"
"SimForest","T14","Paradoxurus hermaphroditus","Species"
"SimForest","T14","Paradoxurus hermaphroditus","Species"
"SimForest","T14","Ratufa bicolor","Species"
"SimForest","T14","Ratufa bicolor","Species"
"SimForest","T14","Ratufa bicolor","Species"
"SimForest","T14","Ratufa bicolor","Species"
"SimForest","T14","Manis javanica","Species"
"SimForest","T14","Manis javanica","Species"
"SimForest","T14","Manis javanica","Species"
"SimForest","T14","Manis javanica","Species"
"SimForest","T14","Hystrix brachyura","Species"
"SimForest","T14","Hystrix brachyura","Species"
"SimForest","T14","Hystrix brachyura","Species"
"SimForest","T14","Hystrix brachyura","Species"
"SimForest","T14","Hystrix brachyura","Species"
"SimForest","T14","Hystrix brachyura","Species"
"SimForest","T14","Hystrix brachyura","Species"
"SimForest","T14","Hystrix brachyura","Species"
"SimForest","T14","Hystrix brachyura","Species"
"SimForest","T14","Hystrix brachyura","Species"
"SimForest","T14","Hystrix brachyura","Species"
"SimForest","T14","Tupaia glis","Species"
"SimForest","T14","Tupaia glis","Species"
"SimForest","T14","Tupaia glis","Species"
"SimForest","T14","Tupaia glis","Species"
"SimForest","T14","Nycticebus coucang","Species"
"SimForest","T14","Nycticebus coucang","Species"
"SimForest","T14","Nycticebus coucang","Species"
"SimForest","T14","Nycticebus coucang","Species"
"SimForest","T14","Nycticebus coucang","Species"
"SimForest","T14","Nycticebus coucang","Species"
"SimForest","T14","Nycticebus coucang","Species"
"SimForest","T14","Nycticebus coucang","Species"
"SimForest","T14","Arctictis binturong","Species"
"SimForest","T14","Arctictis binturong","Species"
"SimForest","T14","Arctictis binturong","Species"
"SimForest","T14","Arctictis binturong","Species"
"SimForest","T15","Macaca fascicularis","Species"
"SimForest","T15","Macaca fascicularis","Species"
"SimForest","T15","Macaca fascicularis","Species"
"SimForest","T15","Macaca fascicularis","Species"
"SimForest","T15","Presbytis melalophos","Species"
"SimForest","T15","Presbytis melalophos","Species"
"SimForest","T15","Presbytis melalophos","Species"
"SimForest","T15","Presbytis melalophos","Species"
"SimForest","T15","Presbytis melalophos","Species"
"SimForest","T15","Presbytis melalophos","Species"
"SimForest","T15","Presbytis melalophos","Species"
"SimForest","T15","Presbytis melalophos","Species"
"SimForest","T15","Presbytis melalophos","Species"
"SimForest","T15","Presbytis melalophos","Species"
"SimForest","T15","Presbytis melalophos","Species"
"SimForest","T15","Presbytis melalophos","Species"
"SimForest","T15","Presbytis melalophos","Species"
"SimForest","T15","Hylobates lar","Species"
"SimForest","T15","Hylobates lar","Species"
"SimForest","T15","Hylobates lar","Species"
"SimForest","T15","Hylobates lar","Species"
"SimForest","T15","Hylobates lar","Species"
"SimForest","T15","Hylobates lar","Species"
"SimForest","T15","Hylobates lar","Species"
"SimForest","T15","Hylobates lar","Species"
"SimForest","T15","Hylobates lar","Species"
"SimForest","T15","Hylobates lar","Species"
"SimForest","T15","Sus scrofa","Species"
"SimForest","T15","Muntiacus muntjak","Species"
"SimForest","T15","Muntiacus muntjak","Species"
"SimForest","T15","Muntiacus muntjak","Species"
"SimForest","T15","Muntiacus muntjak","Species"
"SimForest","T15","Muntiacus muntjak","Species"
"SimForest","T15","Tragulus javanicus","Species"
"SimForest","T15","Tragulus javanicus","Species"
"SimForest","T15","Tragulus javanicus","Species"
"SimForest","T15","Tragulus javanicus","Species"
"SimForest","T15","Tragulus javanicus","Species"
"SimForest","T15","Tragulus javanicus","Species"
"SimForest","T15","Tragulus javanicus","Species"
"SimForest","T15","Tragulus javanicus","Species"
"SimForest","T15","Tragulus javanicus","Species"
"SimForest","T15","Tragulus javanicus","Species"
"SimForest","T15","Tragulus javanicus","Species"
"SimForest","T15","Paradoxurus hermaphroditus","Species"
"SimForest","T15","Paradoxurus hermaphroditus","Species"
"SimForest","T15","Viverra tangalunga","Species"
"SimForest","T15","Viverra tangalunga","Species"
"SimForest","T15","Ratufa bicolor","Species"
"SimForest","T15","Ratufa bicolor","Species"
"SimForest","T15","Ratufa bicolor","Species"
"SimForest","T15","Ratufa bicolor","Species"
"SimForest","T15","Ratufa bicolor","Species"
"SimForest","T15","Ratufa bicolor","Species"
"SimForest","T15","Ratufa bicolor","Species"
"SimForest","T15","Callosciurus notatus","Species"
"SimForest","T15","Callosciurus notatus","Species"
"SimForest","T15","Callosciurus notatus","Species"
"SimForest","T15","Callosciurus notatus","Species"
"SimForest","T15","Callosciurus notatus","Species"
"SimForest","T15","Manis javanica","Species"
"SimForest","T15","Hystrix brachyura","Species"
"SimForest","T15","Hystrix brachyura","Species"
"SimForest","T15","Hystrix brachyura","Species"
"SimForest","T15","Hystrix brachyura","Species"
"SimForest","T15","Hystrix brachyura","Species"
"SimForest","T15","Hystrix brachyura","Species"
"SimForest","T15","Hystrix brachyura","Species"
"SimForest","T15","Hystrix brachyura","Species"
"SimForest","T15","Hystrix brachyura","Species"
"SimForest","T15","Hystrix brachyura","Species"
"SimForest","T15","Hystrix brachyura","Species"
"SimForest","T15","Hystrix brachyura","Species"
"SimForest","T15","Hystrix brachyura","Species"
"SimForest","T15","Hystrix brachyura","Species"
"SimForest","T15","Hystrix brachyura","Species"
"SimForest","T15","Hystrix brachyura","Species"
"SimForest","T15","Hystrix brachyura","Species"
"SimForest","T15","Hystrix brachyura","Species"
"SimForest","T15","Hystrix brachyura","Species"
"SimForest","T15","Tupaia glis","Species"
"SimForest","T15","Tupaia glis","Species"
"SimForest","T15","Tupaia glis","Species"
"SimForest","T15","Tupaia glis","Species"
"SimForest","T15","Tupaia glis","Species"
"SimForest","T15","Nycticebus coucang","Species"
"SimForest","T15","Nycticebus coucang","Species"
"SimForest","T15","Nycticebus coucang","Species"
"SimForest","T15","Nycticebus coucang","Species"
"SimForest","T15","Nycticebus coucang","Species"
"SimForest","T15","Nycticebus coucang","Species"
"SimForest","T15","Nycticebus coucang","Species"
"SimForest","T15","Nycticebus coucang","Species"
"SimForest","T15","Nycticebus coucang","Species"
"SimForest","T15","Nycticebus coucang","Species"
"SimForest","T16","Macaca fascicularis","Species"
"SimForest","T16","Presbytis melalophos","Species"
"SimForest","T16","Hylobates lar","Species"
"SimForest","T16","Sus scrofa","Species"
"SimForest","T16","Sus scrofa","Species"
"SimForest","T16","Tragulus javanicus","Species"
"SimForest","T16","Tragulus javanicus","Species"
"SimForest","T16","Tragulus javanicus","Species"
"SimForest","T16","Tragulus javanicus","Species"
"SimForest","T16","Viverra tangalunga","Species"
"SimForest","T16","Ratufa bicolor","Species"
"SimForest","T16","Manis javanica","Species"
"SimForest","T16","Manis javanica","Species"
"SimForest","T16","Hystrix brachyura","Species"
"SimForest","T16","Hystrix brachyura","Species"
"SimForest","T16","Hystrix brachyura","Species"
"SimForest","T16","Hystrix brachyura","Species"
"SimForest","T16","Hystrix brachyura","Species"
"SimForest","T16","Hystrix brachyura","Species"
"SimForest","T16","Tupaia glis","Species"
"SimForest","T16","Tupaia glis","Species"
"SimForest","T16","Nycticebus coucang","Species"
"SimForest","T16","Nycticebus coucang","Species"
"SimForest","T16","Nycticebus coucang","Species"
"SimForest","T16","Nycticebus coucang","Species"
"SimForest","T16","Nycticebus coucang","Species"
"SimForest","T16","Arctictis binturong","Species"
"SimForest","T16","Arctictis binturong","Species"
"SimForest","T16","Arctictis binturong","Species"
"SimForest","T17","Macaca fascicularis","Species"
"SimForest","T17","Macaca fascicularis","Species"
"SimForest","T17","Macaca fascicularis","Species"
"SimForest","T17","Presbytis melalophos","Species"
"SimForest","T17","Presbytis melalophos","Species"
"SimForest","T17","Presbytis melalophos","Species"
"SimForest","T17","Presbytis melalophos","Species"
"SimForest","T17","Presbytis melalophos","Species"
"SimForest","T17","Presbytis melalophos","Species"
"SimForest","T17","Hylobates lar","Species"
"SimForest","T17","Hylobates lar","Species"
"SimForest","T17","Hylobates lar","Species"
"SimForest","T17","Hylobates lar","Species"
"SimForest","T17","Hylobates lar","Species"
"SimForest","T17","Sus scrofa","Species"
"SimForest","T17","Sus scrofa","Species"
"SimForest","T17","Muntiacus muntjak","Species"
"SimForest","T17","Tragulus javanicus","Species"
"SimForest","T17","Tragulus javanicus","Species"
"SimForest","T17","Tragulus javanicus","Species"
"SimForest","T17","Tragulus javanicus","Species"
"SimForest","T17","Tragulus javanicus","Species"
"SimForest","T17","Viverra tangalunga","Species"
"SimForest","T17","Viverra tangalunga","Species"
"SimForest","T17","Ratufa bicolor","Species"
"SimForest","T17","Ratufa bicolor","Species"
"SimForest","T17","Ratufa bicolor","Species"
"SimForest","T17","Ratufa bicolor","Species"
"SimForest","T17","Callosciurus notatus","Species"
"SimForest","T17","Callosciurus notatus","Species"
"SimForest","T17","Manis javanica","Species"
"SimForest","T17","Manis javanica","Species"
"SimForest","T17","Hystrix brachyura","Species"
"SimForest","T17","Hystrix brachyura","Species"
"SimForest","T17","Hystrix brachyura","Species"
"SimForest","T17","Hystrix brachyura","Species"
"SimForest","T17","Hystrix brachyura","Species"
"SimForest","T17","Hystrix brachyura","Species"
"SimForest","T17","Tupaia glis","Species"
"SimForest","T17","Tupaia glis","Species"
"SimForest","T17","Tupaia glis","Species"
"SimForest","T17","Tupaia glis","Species"
"SimForest","T17","Nycticebus coucang","Species"
"SimForest","T17","Nycticebus coucang","Species"
"SimForest","T17","Nycticebus coucang","Species"
"SimForest","T17","Nycticebus coucang","Species"
"SimForest","T17","Nycticebus coucang","Species"
"SimForest","T17","Nycticebus coucang","Species"
"SimForest","T17","Nycticebus coucang","Species"
"SimForest","T17","Nycticebus coucang","Species"
"SimForest","T17","Nycticebus coucang","Species"
"SimForest","T17","Arctictis binturong","Species"
"SimForest","T17","Arctictis binturong","Species"
"SimForest","T18","Macaca fascicularis","Species"
"SimForest","T18","Macaca fascicularis","Species"
"SimForest","T18","Macaca fascicularis","Species"
"SimForest","T18","Macaca fascicularis","Species"
"SimForest","T18","Presbytis melalophos","Species"
"SimForest","T18","Presbytis melalophos","Species"
"SimForest","T18","Presbytis melalophos","Species"
"SimForest","T18","Presbytis melalophos","Species"
"SimForest","T18","Presbytis melalophos","Species"
"SimForest","T18","Presbytis melalophos","Species"
"SimForest","T18","Presbytis melalophos","Species"
"SimForest","T18","Presbytis melalophos","Species"
"SimForest","T18","Presbytis melalophos","Species"
"SimForest","T18","Hylobates lar","Species"
"SimForest","T18","Hylobates lar","Species"
"SimForest","T18","Hylobates lar","Species"
"SimForest","T18","Hylobates lar","Species"
"SimForest","T18","Hylobates lar","Species"
"SimForest","T18","Hylobates lar","Species"
"SimForest","T18","Hylobates lar","Species"
"SimForest","T18","Hylobates lar","Species"
"SimForest","T18","Hylobates lar","Species"
"SimForest","T18","Hylobates lar","Species"
"SimForest","T18","Hylobates lar","Species"
"SimForest","T18","Sus scrofa","Species"
"SimForest","T18","Sus scrofa","Species"
"SimForest","T18","Muntiacus muntjak","Species"
"SimForest","T18","Muntiacus muntjak","Species"
"SimForest","T18","Muntiacus muntjak","Species"
"SimForest","T18","Muntiacus muntjak","Species"
"SimForest","T18","Tragulus javanicus","Species"
"SimForest","T18","Tragulus javanicus","Species"
"SimForest","T18","Tragulus javanicus","Species"
"SimForest","T18","Tragulus javanicus","Species"
"SimForest","T18","Tragulus javanicus","Species"
"SimForest","T18","Tragulus javanicus","Species"
"SimForest","T18","Tragulus javanicus","Species"
"SimForest","T18","Tragulus javanicus","Species"
"SimForest","T18","Tragulus javanicus","Species"
"SimForest","T18","Tragulus javanicus","Species"
"SimForest","T18","Tragulus javanicus","Species"
"SimForest","T18","Tragulus javanicus","Species"
"SimForest","T18","Tragulus javanicus","Species"
"SimForest","T18","Tragulus javanicus","Species"
"SimForest","T18","Tragulus javanicus","Species"
"SimForest","T18","Tragulus javanicus","Species"
"SimForest","T18","Tragulus javanicus","Species"
"SimForest","T18","Paradoxurus hermaphroditus","Species"
"SimForest","T18","Paradoxurus hermaphroditus","Species"
"SimForest","T18","Paradoxurus hermaphroditus","Species"
"SimForest","T18","Paradoxurus hermaphroditus","Species"
"SimForest","T18","Paradoxurus hermaphroditus","Species"
"SimForest","T18","Paradoxurus hermaphroditus","Species"
"SimForest","T18","Viverra tangalunga","Species"
"SimForest","T18","Viverra tangalunga","Species"
"SimForest","T18","Viverra tangalunga","Species"
"SimForest","T18","Ratufa bicolor","Species"
"SimForest","T18","Ratufa bicolor","Species"
"SimForest","T18","Ratufa bicolor","Species"
"SimForest","T18","Ratufa bicolor","Species"
"SimForest","T18","Ratufa bicolor","Species"
"SimForest","T18","Ratufa bicolor","Species"
"SimForest","T18","Callosciurus notatus","Species"
"SimForest","T18","Manis javanica","Species"
"SimForest","T18","Manis javanica","Species"
"SimForest","T18","Manis javanica","Species"
"SimForest","T18","Manis javanica","Species"
"SimForest","T18","Manis javanica","Species"
"SimForest","T18","Hystrix brachyura","Species"
"SimForest","T18","Hystrix brachyura","Species"
"SimForest","T18","Hystrix brachyura","Species"
"SimForest","T18","Hystrix brachyura","Species"
"SimForest","T18","Hystrix brachyura","Species"
"SimForest","T18","Hystrix brachyura","Species"
"SimForest","T18","Hystrix brachyura","Species"
"SimForest","T18","Hystrix brachyura","Species"
"SimForest","T18","Hystrix brachyura","Species"
"SimForest","T18","Hystrix brachyura","Species"
"SimForest","T18","Hystrix brachyura","Species"
"SimForest","T18","Hystrix brachyura","Species"
"SimForest","T18","Hystrix brachyura","Species"
"SimForest","T18","Hystrix brachyura","Species"
"SimForest","T18","Hystrix brachyura","Species"
"SimForest","T18","Tupaia glis","Species"
"SimForest","T18","Tupaia glis","Species"
"SimForest","T18","Tupaia glis","Species"
"SimForest","T18","Nycticebus coucang","Species"
"SimForest","T18","Nycticebus coucang","Species"
"SimForest","T18","Nycticebus coucang","Species"
"SimForest","T18","Nycticebus coucang","Species"
"SimForest","T18","Nycticebus coucang","Species"
"SimForest","T18","Nycticebus coucang","Species"
"SimForest","T18","Nycticebus coucang","Species"
"SimForest","T18","Nycticebus coucang","Species"
"SimForest","T19","Presbytis melalophos","Species"
"SimForest","T19","Presbytis melalophos","Species"
"SimForest","T19","Presbytis melalophos","Species"
"SimForest","T19","Presbytis melalophos","Species"
"SimForest","T19","Presbytis melalophos","Species"
"SimForest","T19","Presbytis melalophos","Species"
"SimForest","T19","Hylobates lar","Species"
"SimForest","T19","Hylobates lar","Species"
"SimForest","T19","Hylobates lar","Species"
"SimForest","T19","Hylobates lar","Species"
"SimForest","T19","Hylobates lar","Species"
"SimForest","T19","Hylobates lar","Species"
"SimForest","T19","Sus scrofa","Species"
"SimForest","T19","Sus scrofa","Species"
"SimForest","T19","Muntiacus muntjak","Species"
"SimForest","T19","Muntiacus muntjak","Species"
"SimForest","T19","Muntiacus muntjak","Species"
"SimForest","T19","Muntiacus muntjak","Species"
"SimForest","T19","Muntiacus muntjak","Species"
"SimForest","T19","Tragulus javanicus","Species"
"SimForest","T19","Tragulus javanicus","Species"
"SimForest","T19","Tragulus javanicus","Species"
"SimForest","T19","Tragulus javanicus","Species"
"SimForest","T19","Tragulus javanicus","Species"
"SimForest","T19","Paradoxurus hermaphroditus","Species"
"SimForest","T19","Paradoxurus hermaphroditus","Species"
"SimForest","T19","Paradoxurus hermaphroditus","Species"
"SimForest","T19","Paradoxurus hermaphroditus","Species"
"SimForest","T19","Ratufa bicolor","Species"
"SimForest","T19","Ratufa bicolor","Species"
"SimForest","T19","Ratufa bicolor","Species"
"SimForest","T19","Callosciurus notatus","Species"
"SimForest","T19","Callosciurus notatus","Species"
"SimForest","T19","Manis javanica","Species"
"SimForest","T19","Manis javanica","Species"
"SimForest","T19","Hystrix brachyura","Species"
"SimForest","T19","Hystrix brachyura","Species"
"SimForest","T19","Hystrix brachyura","Species"
"SimForest","T19","Hystrix brachyura","Species"
"SimForest","T19","Hystrix brachyura","Species"
"SimForest","T19","Hystrix brachyura","Species"
"SimForest","T19","Hystrix brachyura","Species"
"SimForest","T19","Hystrix brachyura","Species"
"SimForest","T19","Tupaia glis","Species"
"SimForest","T19","Nycticebus coucang","Species"
"SimForest","T19","Nycticebus coucang","Species"
"SimForest","T19","Nycticebus coucang","Species"
"SimForest","T19","Nycticebus coucang","Species"
"SimForest","T19","Nycticebus coucang","Species"
"SimForest","T19","Nycticebus coucang","Species"
"SimForest","T19","Nycticebus coucang","Species"
"SimForest","T19","Nycticebus coucang","Species"
"SimForest","T19","Nycticebus coucang","Species"
"SimForest","T20","Macaca fascicularis","Species"
"SimForest","T20","Presbytis melalophos","Species"
"SimForest","T20","Presbytis melalophos","Species"
"SimForest","T20","Presbytis melalophos","Species"
"SimForest","T20","Hylobates lar","Species"
"SimForest","T20","Hylobates lar","Species"
"SimForest","T20","Hylobates lar","Species"
"SimForest","T20","Hylobates lar","Species"
"SimForest","T20","Sus scrofa","Species"
"SimForest","T20","Muntiacus muntjak","Species"
"SimForest","T20","Muntiacus muntjak","Species"
"SimForest","T20","Muntiacus muntjak","Species"
"SimForest","T20","Tragulus javanicus","Species"
"SimForest","T20","Tragulus javanicus","Species"
"SimForest","T20","Tragulus javanicus","Species"
"SimForest","T20","Tragulus javanicus","Species"
"SimForest","T20","Tragulus javanicus","Species"
"SimForest","T20","Tragulus javanicus","Species"
"SimForest","T20","Tragulus javanicus","Species"
"SimForest","T20","Tragulus javanicus","Species"
"SimForest","T20","Tragulus javanicus","Species"
"SimForest","T20","Paradoxurus hermaphroditus","Species"
"SimForest","T20","Paradoxurus hermaphroditus","Species"
"SimForest","T20","Ratufa bicolor","Species"
"SimForest","T20","Callosciurus notatus","Species"
"SimForest","T20","Manis javanica","Species"
"SimForest","T20","Manis javanica","Species"
"SimForest","T20","Manis javanica","Species"
"SimForest","T20","Manis javanica","Species"
"SimForest","T20","Manis javanica","Species"
"SimForest","T20","Hystrix brachyura","Species"
"SimForest","T20","Hystrix brachyura","Species"
"SimForest","T20","Hystrix brachyura","Species"
"SimForest","T20","Hystrix brachyura","Species"
"SimForest","T20","Hystrix brachyura","Species"
"SimForest","T20","Hystrix brachyura","Species"
"SimForest","T20","Hystrix brachyura","Species"
"SimForest","T20","Hystrix brachyura","Species"
"SimForest","T20","Hystrix brachyura","Species"
"SimForest","T20","Hystrix brachyura","Species"
"SimForest","T20","Hystrix brachyura","Species"
"SimForest","T20","Hystrix brachyura","Species"
"SimForest","T20","Tupaia glis","Species"
"SimForest","T20","Tupaia glis","Species"
"SimForest","T20","Tupaia glis","Species"
"SimForest","T20","Nycticebus coucang","Species"
"SimForest","T20","Nycticebus coucang","Species"
"SimForest","T20","Nycticebus coucang","Species"
"SimForest","T20","Nycticebus coucang","Species"
"SimForest","T20","Nycticebus coucang","Species"
